{
  "total_samples": 7000,
  "total_features": 46,
  "label_column": "package_type",
  "label_distribution_original": {
    "benign": 5000,
    "malicious": 2000
  },
  "label_distribution_encoded": {
    "benign (0)": 5000,
    "malicious (1)": 2000
  },
  "feature_names": [
    "file_count",
    "total_size_kb",
    "has_node_modules",
    "js_file_ratio",
    "dependencies_count",
    "scripts_count",
    "has_preinstall",
    "has_postinstall",
    "has_install_script",
    "has_readme",
    "suspicious_dependencies_count",
    "total_dependencies_count",
    "js_files_in_root",
    "hidden_files",
    "max_file_size_kb",
    "is_first_version",
    "time_between_updates",
    "update_type",
    "max_entropy",
    "avg_entropy",
    "entropy_variance",
    "minified_ratio",
    "obfuscation_score",
    "base64_density",
    "eval_density",
    "fs_read_count",
    "fs_write_count",
    "fs_delete_count",
    "http_request_count",
    "fetch_count",
    "socket_count",
    "exec_count",
    "spawn_count",
    "fork_count",
    "password_access",
    "cookie_access",
    "env_variable_access",
    "base64_pattern_count",
    "eval_usage_count",
    "has_install_command",
    "base64_in_install_script",
    "domain_in_install_script",
    "network_in_install_script",
    "process_env_in_install_script",
    "file_ops_in_install_script",
    "shell_exec_in_install_script"
  ],
  "feature_info": {
    "total_features_original": 50,
    "features_after_cleaning": 46,
    "removed_zero_variance_features": [
      "has_other_versions_today",
      "is_rapid_update",
      "version_velocity",
      "maintenance_score",
      "minified_files"
    ]
  },
  "scaler_params": {
    "mean": [
      51.88357142857143,
      770.9301314174107,
      0.002285714285714286,
      0.16976779912627202,
      2.9147142857142856,
      2.841285714285714,
      0.10671428571428572,
      0.136,
      0.008857142857142857,
      0.8282857142857143,
      0.10714285714285714,
      8.272142857142857,
      17.664142857142856,
      0.9945714285714286,
      436.0220489676339,
      0.03457142857142857,
      4141.857142857143,
      2.7405714285714287,
      5.346948962407389,
      4.841391397715947,
      0.1274635964038011,
      0.2392836113312584,
      0.8742060511133056,
      79.36106645390109,
      0.0135036313691563,
      0.9733152419719585,
      0.6628976330468868,
      0.10357304387155135,
      0.09648726066636515,
      0.6015377657168702,
      0.07749133122267453,
      1.7583295642997134,
      0.1851349314035881,
      0.004673601688527061,
      6.229157244082617,
      0.13945424393185588,
      3.0007538067239556,
      518.0835217850143,
      0.12935323383084577,
      0.22714285714285715,
      0.023,
      0.035,
      0.07885714285714286,
      0.004,
      0.007857142857142858,
      0.0027142857142857142
    ],
    "scale": [
      281.7942202871537,
      2997.491413069477,
      0.047754474093202694,
      0.21719428932878934,
      6.7638966413976345,
      4.969861573648153,
      0.30874965091279943,
      0.34278856457005674,
      0.09369468436123268,
      0.37713192624851893,
      0.41051237272860036,
      17.86143718364528,
      156.78371061518254,
      21.378005365041773,
      2156.580024812534,
      0.18269166619733695,
      1355.261854357877,
      0.6202393218158058,
      0.5203807324509155,
      0.19864322812018334,
      0.18640988198570752,
      0.45389543741282506,
      0.3289042340852389,
      710.7640926819844,
      0.20723084361895258,
      8.340060609559046,
      3.772877626796911,
      0.819045203606897,
      0.5782051234112988,
      4.503361669984351,
      1.9582853088407854,
      7.305629945377473,
      1.6106189717104944,
      0.16073719382344748,
      43.75011458105648,
      2.466982101514869,
      19.154398958504718,
      2309.694125875574,
      2.4253722814497434,
      0.4189856555919746,
      0.18947182225484463,
      0.2105859173150678,
      0.4437616569322606,
      0.1362183121736155,
      0.2938823518598792,
      0.09331086950268408
    ]
  },
  "preprocessing_info": {
    "missing_values_filled": 5138,
    "stratified_kfold_splits": 4,
    "random_state": 42
  }
}